Hugosymbol	Label
EGFR	1
EGF	1
PIK3CA	1
PIK3R1	1
SRC	1
NBN	1
ATM	1
BARD1	1
BRCA1	1
ATR	1
XRCC3	1
BRCA2	1
RAD51	1
ERCC4	1
ERCC1	1
XRCC1	1
XRCC6	1
EXT2	1
EXT1	1
CLP1	1
CCNC	1
PTEN	1
TP53	1
TSC1	1
TSC2	1
IGFBP3	1
NDRG1	1
BCL6	1
AURKA	1
PCNA	1
BAX	1
JUN	1
PMS2	1
MLH1	1
FANCC	1
DDB2	1
PRDM1	1
MDM2	1
MDM4	1
PIN1	1
DEK	1
ESR1	1
VEGFA	1
TGFA	1
CDKN1A	1
RUNX1	1
GATA1	1
CCND1	1
CDK4	1
SMAD4	1
RUNX3	1
SMAD3	1
MAX	1
FASLG	1
FAS	1
TNF	1
TNFAIP3	1
MYD88	1
FANCD2	1
CALR	1
RAD51B	1
NME1	1
DCC	1
BCL2	1
BAD	1
XIAP	1
CASP3	1
CASP9	1
DGCR8	1
DROSHA	1
DNMT3A	1
DNMT3B	1
TFRC	1
PIK3CB	1
PTPN13	1
PTPN6	1
PTPN11	1
IL6	1
STAT3	1
KDR	1
PLAU	1
PLAUR	1
PYCARD	1
ITGAV	1
PTCH1	1
GLI1	1
SUFU	1
CTNNB1	1
LCK	1
JAK1	1
JAK3	1
JAK2	1
NOTCH1	1
HIF1A	1
CBL	1
B2M	1
NOTCH2	1
IL18	1
CREBBP	1
ELF3	1
HEY1	1
TLR4	1
CKB	1
GSTP1	1
YWHAE	1
ID1	1
NFKB2	1
MALT1	1
CASP8	1
CD209	1
MYC	1
CCNE1	1
SIRPA	1
FGFR1	1
CCND3	1
PTK6	1
AKT1	1
RAF1	1
PDGFB	1
CD74	1
PLCG1	1
CAV1	1
SMAD2	1
CSF2	1
TEC	1
VAV1	1
IL7R	1
SMARCA4	1
FLT3	1
CSF3R	1
TNFRSF14	1
CD28	1
CLTC	1
CDH1	1
TGFB1	1
PDGFRB	1
PDGFRA	1
TGFBR2	1
MAP2K2	1
MAP2K1	1
MAPK1	1
TRIM27	1
TIMP1	1
MMP9	1
MMP14	1
PAX3	1
NCOA1	1
BAP1	1
SKP2	1
APC	1
NTRK3	1
BCL10	1
PARP1	1
WRN	1
XPC	1
MITF	1
CDKN2A	1
FOXL2	1
SUZ12	1
TOP1	1
ERBB4	1
EGR1	1
SALL4	1
RARA	1
KIT	1
NCOR1	1
MET	1
PPARG	1
AXIN1	1
ANK1	1
ERBB2	1
PTPRC	1
ROBO2	1
WWTR1	1
NF2	1
FLNA	1
CDKN1B	1
GOPC	1
EIF4A2	1
NFKBIE	1
REL	1
HSP90AA1	1
MAFB	1
IL17A	1
PBX1	1
ZFHX3	1
IL6ST	1
CUL3	1
CRLF2	1
CYP1A2	1
SDHB	1
SDHA	1
PPP2R1A	1
ARNT	1
EPAS1	1
MYB	1
NCOA2	1
ACVR1	1
NFATC2	1
AFDN	1
NOS3	1
SDC4	1
TCF7L2	1
CEBPA	1
NTRK1	1
SMO	1
TRRAP	1
FGFR4	1
FGF2	1
FGFR3	1
FGFR2	1
EP300	1
SPOP	1
LEF1	1
TCF3	1
MYOD1	1
NRG1	1
BRAF	1
ACVR2A	1
SPEN	1
AURKB	1
CTNND1	1
CBLB	1
PRL	1
PER1	1
EWSR1	1
BIRC3	1
CDK6	1
ABI1	1
MAPK8	1
COL1A1	1
AR	1
NF1	1
EPHA3	1
GNAQ	1
PML	1
CLIP1	1
FOXO3	1
NCOR2	1
WT1	1
BCL3	1
FLT4	1
VEGFC	1
EREG	1
TBL1XR1	1
SMARCB1	1
SMARCE1	1
TP63	1
MAF	1
SET	1
FOXO1	1
CSF1R	1
STAT6	1
IRF4	1
CREB1	1
BLM	1
BCOR	1
BCL2L1	1
E2F1	1
ETS1	1
AKT2	1
SKI	1
IL1B	1
ABL1	1
DAXX	1
GATA2	1
TERT	1
FOXO4	1
EZR	1
ESR2	1
LGALS3	1
RB1	1
CCND2	1
BMPR1A	1
IGF1R	1
RHOA	1
ERBB3	1
NFE2L2	1
KEAP1	1
CXCR4	1
DICER1	1
MST1R	1
RAC1	1
VIM	1
SYK	1
ITK	1
DNM2	1
CARD11	1
MUC1	1
WAS	1
PTPRH	1
LIFR	1
MTOR	1
HRAS	1
CD79A	1
CD79B	1
BTK	1
FCGR2B	1
PRKCB	1
GNAS	1
GNA11	1
PPP6C	1
XPO1	1
MSN	1
STAT5B	1
FES	1
NCOA3	1
SND1	1
SOCS1	1
MAP2K4	1
DDX5	1
NSD1	1
NSD2	1
FOXA1	1
KDM3A	1
PATZ1	1
KAT7	1
NCOA4	1
NONO	1
CYLD	1
IRS4	1
CRP	1
ATP1A1	1
TSHR	1
MAML2	1
FBXW7	1
CBLC	1
HIP1	1
PRKAR1A	1
KRAS	1
MAP3K1	1
RALGDS	1
ELK4	1
ID3	1
PAX5	1
TRIM33	1
VDR	1
CTCF	1
NUP214	1
HOXA9	1
SOX9	1
CD44	1
STK11	1
ZEB1	1
BCL9	1
HSP90AB1	1
IKBKB	1
EED	1
TRAF7	1
KTN1	1
DDX3X	1
IGF1	1
TAF15	1
PRKACA	1
GATA3	1
H3F3A	1
H3F3B	1
CIITA	1
TCL1A	1
CHD4	1
RANBP2	1
CD274	1
EZH2	1
HMGA1	1
S100A7	1
SF3B1	1
DDIT3	1
ZBTB16	1
RPL22	1
HNRNPA2B1	1
ERCC2	1
BCL11B	1
TPM4	1
LASP1	1
MYH9	1
TFPT	1
MMP7	1
EIF1AX	1
NUMA1	1
ATF1	1
SIX1	1
EIF3E	1
RPN1	1
BCLAF1	1
LMO2	1
SGK1	1
RAD21	1
TRIM24	1
KMT2A	1
MEN1	1
MSI2	1
RPL10	1
THRAP3	1
AKT3	1
KLF4	1
HMGA2	1
ZCCHC8	1
AKAP9	1
HNF1A	1
ERCC3	1
MLLT6	1
ELF4	1
PRDM16	1
ETV5	1
HERPUD1	1
TFG	1
MUC16	1
DCTN1	1
SDHAF2	1
ETV1	1
ERG	1
CXCL12	1
BRD3	1
TBX3	1
CNBP	1
FANCA	1
CLTCL1	1
KCNJ5	1
ASXL2	1
RHOH	1
POLR2E	1
TPM3	1
SRSF3	1
PABPC1	1
ACVR1B	1
BCR	1
APEX1	1
SMC1A	1
PCBP1	1
ERC1	1
PGR	1
ELN	1
PBRM1	1
LPP	1
KIF5B	1
KLF6	1
ZMYM2	1
ZMYM3	1
RAD17	1
MAP3K13	1
LYL1	1
SSX1	1
RGS7	1
COL3A1	1
CHEK2	1
FEN1	1
U2AF1	1
DNMT1	1
HIST1H3A	1
HIST1H3B	1
MSH2	1
SFPQ	1
LMNA	1
VHL	1
NIN	1
COMT	1
BRD4	1
PIM1	1
FUS	1
FASN	1
OLFM4	1
NPM1	1
CDC73	1
FLI1	1
SORBS2	1
SPECC1	1
EPHX1	1
RET	1
CRNKL1	1
RBM10	1
SHTN1	1
LCP1	1
SOD2	1
SETBP1	1
LMO1	1
TNFRSF17	1
NUP98	1
FBXO11	1
PAFAH1B2	1
SOX17	1
ATIC	1
PTPRB	1
BMP6	1
CLU	1
POU2AF1	1
FUBP1	1
CTNND2	1
FIP1L1	1
DNAJB1	1
AFF4	1
JAZF1	1
SS18	1
MMP2	1
RPL5	1
ADH1B	1
RNF213	1
LCN2	1
SETD2	1
MYO5A	1
NT5C2	1
MTCP1	1
SLC5A5	1
DDX6	1
ATRX	1
FNBP1	1
PICALM	1
SRSF2	1
IKZF1	1
NRAS	1
AXIN2	1
STIL	1
RABEP1	1
TMPRSS2	1
SS18L1	1
SMARCD1	1
RFWD3	1
POT1	1
USP6	1
SH2B3	1
TCF12	1
CNTRL	1
MSH6	1
MLF1	1
RBM15	1
TRIP11	1
TAL1	1
KDM6A	1
NCKIPSD	1
CDKN2C	1
FAT1	1
ASXL1	1
TFEB	1
MLLT3	1
BUB1B	1
DPYD	1
NAB2	1
CREB3L1	1
UHRF1	1
ARID1A	1
CIC	1
CUX1	1
MUTYH	1
KAT6B	1
ARID1B	1
PAX7	1
AMER1	1
HLA-A	1
PPM1D	1
CDX2	1
ELL	1
EPS15	1
BRMS1	1
CCL2	1
ROS1	1
ABCG2	1
FANCG	1
SOX2	1
HYAL2	1
RMI2	1
ABCB1	1
FOXR1	1
KNSTRN	1
NUTM1	1
MNX1	1
TLX3	1
ZRSR2	1
CD82	1
MME	1
FH	1
GOLGA5	1
ABL2	1
ISX	1
RUNX1T1	1
MKI67	1
NACA	1
LEPROTL1	1
MLLT10	1
KNL1	1
MYH11	1
XPA	1
PAX8	1
PALB2	1
USP8	1
MYCN	1
QKI	1
TFE3	1
PCM1	1
AFF1	1
NKX3-1	1
NR4A3	1
STAG2	1
GAS7	1
ZNF331	1
STRN	1
SFRP4	1
POLQ	1
SH3GL1	1
SPP1	1
SIX2	1
PSIP1	1
IDH2	1
FGF8	1
FGFR1OP	1
NKX2-1	1
A1CF	1
FHIT	1
KMT2C	1
CCNB1IP1	1
CNOT3	1
MTRR	1
CCR4	1
SDHD	1
NOS2	1
HOOK3	1
EPHA7	1
STAG1	1
PRF1	1
SBDS	1
HLF	1
PDCD1LG2	1
PSCA	1
POLG	1
UBR5	1
EBF1	1
CEP89	1
RASSF2	1
ALDH2	1
ARHGEF10	1
GPX1	1
NSD3	1
MLLT1	1
GNRHR	1
HIST1H4I	1
PTPRK	1
BCL11A	1
NKD2	1
TPR	1
CHD2	1
BCL9L	1
FCRL4	1
ARHGEF12	1
CHCHD7	1
ALK	1
POLE	1
CDH17	1
TLX1	1
FANCF	1
CYP1B1	1
BTG1	1
IGF2BP2	1
ETNK1	1
CDK12	1
KMT2D	1
FLCN	1
KAT6A	1
SRGAP3	1
CYP2C8	1
TCEA1	1
FBLN2	1
ZNF479	1
BCORL1	1
SETD1B	1
SRD5A2	1
POU5F1	1
GRIN2A	1
HOXC11	1
ACPP	1
SLC34A2	1
POLD1	1
PTGS2	1
CRTC3	1
PRCC	1
PRRX1	1
EML4	1
ZNRF3	1
HGF	1
N4BP2	1
FANCE	1
ARID2	1
HOXC13	1
RNF43	1
WNK2	1
MYCL	1
GRM3	1
CNTNAP2	1
GPHN	1
IGFBP1	1
COX6C	1
PTPRD	1
CDH13	1
CBFA2T3	1
BAZ1A	1
CHRNA5	1
FSTL3	1
GMPS	1
ZNF521	1
CREB3L2	1
DDR2	1
COL2A1	1
CHST11	1
ACSL6	1
KLK3	1
OGG1	1
NTHL1	1
CYP17A1	1
PLAG1	1
NEFH	1
WIF1	1
CCR7	1
COX8A	1
MED12	1
NBEA	1
EDEM1	1
CANT1	1
THBS1	1
ACKR3	1
IL10	1
CELSR2	1
MPL	1
ACSL3	1
VTI1A	1
MMP1	1
AFF3	1
PHF6	1
PPFIBP1	1
ETV4	1
NQO1	1
PTPRT	1
ARHGAP5	1
SDHC	1
LSM14A	1
OLIG2	1
PMS1	1
PRPF40B	1
PRDM2	1
KDM5A	1
CTNNA2	1
ARHGEF10L	1
TYMS	1
ATP2B3	1
MPO	1
CDH11	1
FOLH1	1
CACNA1D	1
TOX3	1
TFF1	1
NFIB	1
GPC3	1
ETV6	1
RECQL4	1
BRIP1	1
FOXP1	1
CDH10	1
SPINT2	1
ZNF384	1
TG	1
EDN1	1
CYP1A1	1
IL2	1
PTHLH	1
TNC	1
MUC4	1
MGMT	1
SHBG	1
HOXA13	1
HOXD13	1
CARS	1
HOXA11	1
GRP	1
HOXD11	1
KL	1
CCDC6	1
LRP1B	1
HOXB13	1
USP44	1
SSX2	1
CRTC1	1
FAT4	1
FAT3	1
TET1	1
IDH1	1
TYMP	1
MRPS18C	1
AMACR	1
FKBP9	1
PHOX2B	1
KDSR	1
LRIG3	1
MTHFR	1
PRAP1	1
P2RY8	1
KIAA1549	1
SETDB2	1
GRPR	1
CYP19A1	1
GPC5	1
PARD6A	0
MRE11	0
SUMO2	0
AIFM2	0
BCL2L14	0
ARID3A	0
GADD45A	0
RGCC	0
HIPK1	0
POU4F2	0
L3MBTL1	0
E2F6	0
ELOB	0
MMUT	0
UBA7	0
FAAP24	0
CENPX	0
CENPS	0
DIABLO	0
CBR4	0
SERPINF2	0
SEC22B	0
IL10RB	0
GABPB1	0
CBY1	0
TMED2	0
NTF4	0
NECTIN4	0
SNW1	0
NCAN	0
FOXH1	0
GTSE1	0
DBF4	0
CDC7	0
CCNA2	0
FBLIM1	0
LIMS1	0
KIRREL1	0
ANOS1	0
MAPK6	0
EDA2R	0
CLEC1B	0
JAML	0
HTR3A	0
IL22RA2	0
TXLNA	0
CD40LG	0
FYB1	0
NCK1	0
CD226	0
ATG12	0
KSR1	0
FARSA	0
FARSB	0
UFD1	0
SERPINE1	0
RALGAPA2	0
RALGAPB	0
TKFC	0
PGLYRP4	0
PGLYRP3	0
PLXNC1	0
UBA3	0
DUS2	0
QTRT2	0
TRMT6	0
TRMT61A	0
MMADHC	0
HLA-DOA	0
STXBP3	0
CD8B	0
SEC13	0
RSF1	0
POLR3H	0
CRCP	0
MAT2B	0
CYP2C19	0
ASAP2	0
PARK7	0
NDEL1	0
PTPA	0
HDAC11	0
SMAD5	0
NINL	0
SMAD9	0
TOR1A	0
RACGAP1	0
CXCL8	0
IPCEF1	0
CITED1	0
CCM2	0
MXD1	0
SH2B2	0
CENPU	0
GIPC1	0
VEGFD	0
RACK1	0
UNC13B	0
YWHAQ	0
FCRL3	0
GRAP	0
GIT2	0
LAX1	0
ELP1	0
SOCS2	0
GAST	0
NLK	0
KAT2B	0
PRMT2	0
EFCAB6	0
NELFCD	0
SNURF	0
RIN1	0
FRS3	0
PPP2R2A	0
FZR1	0
POLR1E	0
SMPD3	0
G3BP2	0
ROMO1	0
USP2	0
DCAF7	0
PWP2	0
EIF4A3	0
PHF7	0
SIVA1	0
BZW1	0
TUBAL3	0
COPS2	0
YBX3	0
IRF9	0
TMEM11	0
ADAP1	0
STK16	0
NLRP2	0
MAPK11	0
MAP3K7CL	0
ELOF1	0
SIKE1	0
CD46	0
KRTAP10-7	0
NSA2	0
INA	0
PNO1	0
RPL13A	0
HNRNPUL2	0
NSFL1C	0
CEP44	0
POLR2B	0
PGLYRP1	0
DCAF16	0
MICALL2	0
MRTO4	0
EIF2AK2	0
DMAP1	0
MAPK13	0
NUDT12	0
ZC3HC1	0
A2M	0
ABLIM1	0
RBM47	0
HERC6	0
ARHGEF28	0
ZNF433	0
PABPC3	0
PHC3	0
DEFA1B	0
OCIAD2	0
ATP5MD	0
SERPINB5	0
ATP5PO	0
DMTN	0
ILF2	0
RALY	0
TCEAL5	0
NOP2	0
RASL12	0
WIZ	0
FMNL1	0
TMED7	0
PRSS23	0
GCN1	0
STAB2	0
ATP5F1C	0
TICAM2	0
ZNF576	0
TOMM70	0
RCC1	0
CCDC85B	0
TCEANC	0
MAP3K20	0
POU2F1	0
SPG21	0
RAB11FIP5	0
CPSF7	0
TUT1	0
FBH1	0
MAGOHB	0
CMC4	0
MRRF	0
QPCTL	0
WDYHV1	0
DDX19B	0
RBM5	0
WDR5	0
BBX	0
GPSM1	0
CTR9	0
ZC3H15	0
KRTAP10-5	0
BLOC1S1	0
ZC3H3	0
ABRAXAS2	0
ATG3	0
RAB40B	0
CPLX3	0
HNRNPM	0
NMU	0
TUBA1C	0
TCEA2	0
ZNF615	0
CALCOCO2	0
NFXL1	0
CPSF1	0
FBF1	0
NHP2	0
NMRAL1	0
GORASP2	0
KLC4	0
TEKT4	0
KLF9	0
MAP1LC3A	0
SRPK2	0
RBM4	0
CCDC15	0
TUBA3E	0
MAPKAPK3	0
ATP5PB	0
BTF3	0
NPRL2	0
MAP9	0
SLTM	0
RRP1	0
AEN	0
SNU13	0
DUSP26	0
DYNLT3	0
ZGPAT	0
HNRNPF	0
JARID2	0
ECHDC2	0
ARHGEF11	0
RBM4B	0
HSD17B12	0
USE1	0
NPLOC4	0
SH3RF1	0
AKNA	0
RBM34	0
ZMAT2	0
SNRNP70	0
EIF3L	0
DNAJA1	0
RHOG	0
ZNF787	0
COPRS	0
C4B_2	0
RAB2A	0
ATP5F1A	0
HNRNPA0	0
SERPIND1	0
PDIA3	0
SPSB1	0
TCEAL4	0
DUSP19	0
UTP6	0
DEFB4B	0
RER1	0
HNRNPAB	0
KRTAP10-3	0
HNRNPR	0
CLEC3B	0
EIF1	0
ZNF410	0
AGTRAP	0
UTP23	0
PRKD3	0
RPF2	0
ELOA	0
DDR1	0
SAR1A	0
DDX39A	0
REPIN1	0
TDRKH	0
BRMS1L	0
HEATR1	0
CPSF2	0
BEX3	0
SPERT	0
RABAC1	0
PHLPP2	0
SERPINB9	0
ATP23	0
RGS20	0
CCNJL	0
OSTC	0
GTPBP4	0
ATP5MG	0
MAP1LC3C	0
RPL32	0
CASC3	0
RBMXL1	0
MZT2A	0
IKBIP	0
SH3GLB1	0
TTLL7	0
TBPL1	0
TRIM16L	0
REV1	0
TMX1	0
SH3PXD2A	0
LTV1	0
KRTAP4-2	0
RAB7A	0
BTBD2	0
IQUB	0
ZNF512	0
ATP5ME	0
GTF3C4	0
HNRNPH1	0
LLGL2	0
HMGN4	0
GMCL2	0
MORF4L2	0
HNRNPA3	0
RPS6KB2	0
DNAJC8	0
ZNF564	0
KRTAP10-8	0
L3MBTL3	0
CSTF2	0
KCTD6	0
KRTAP9-2	0
ECSIT	0
CHERP	0
HADH	0
NOP10	0
GAR1	0
RGS10	0
PTBP3	0
SARM1	0
MYEF2	0
TCEAL3	0
APBB1IP	0
DYNLT1	0
HMBOX1	0
TCEAL2	0
PUM3	0
HNRNPH3	0
CRELD2	0
PRRC1	0
NCR3LG1	0
PDLIM3	0
PPP6R1	0
AKNAD1	0
RASGRP3	0
TCEAL6	0
PCGF2	0
NOB1	0
VRK3	0
ELF2	0
BTBD1	0
DLGAP3	0
TNKS2	0
NOL9	0
RAPGEF3	0
PRDM7	0
MFN1	0
PDLIM5	0
PWP1	0
HECTD3	0
CBX1	0
RBBP4	0
KLK7	0
RNF41	0
CCDC59	0
CEACAM3	0
NPHS2	0
TMEM33	0
DIP2A	0
MRM3	0
POLD3	0
HAVCR2	0
DCAF12	0
CHIT1	0
ARMC1	0
SNX18	0
PPP6R3	0
MMGT1	0
C4orf3	0
CCDC184	0
CDC45	0
FANCL	0
SEM1	0
DGLUCY	0
ENKD1	0
NABP2	0
BRICD5	0
EDF1	0
FIS1	0
MIEF1	0
DUSP23	0
BLZF1	0
SGO2	0
KRTAP19-7	0
KRTAP9-3	0
KRTAP6-2	0
HIST2H3A	0
HIST2H3D	0
CNIH3	0
FRA10AC1	0
TMEM208	0
KRTAP5-11	0
TMEM51	0
TMEM42	0
TMEM35A	0
SSX2IP	0
CNIH1	0
GPR152	0
TMEM229B	0
SNUPN	0
PI4KB	0
MFSD10	0
OXER1	0
EXOC7	0
LRRC45	0
CCDC89	0
GGA2	0
BCL2L13	0
EMC6	0
KRTAP19-5	0
NKG7	0
ZNF648	0
RBM48	0
RBM23	0
GPR151	0
FAM209A	0
KRTAP4-12	0
CLDND2	0
C16orf58	0
RETREG1	0
KRTAP9-4	0
CLDN7	0
RIF1	0
ARHGAP45	0
GOLGA6A	0
HNRNPD	0
KRTAP17-1	0
FNDC9	0
KIF1BP	0
KRTAP12-4	0
CLSPN	0
ACTR10	0
ZNF707	0
KRTAP5-6	0
ZNF510	0
JADE2	0
SPATA24	0
ZCCHC7	0
GIPC2	0
SERTM1	0
TXLNB	0
MIEF2	0
KRTAP15-1	0
JPT2	0
ZNF775	0
CLDN22	0
ZSCAN18	0
PGBD1	0
GPR182	0
RMDN3	0
MAL2	0
ZNF567	0
HIST2H2BF	0
ZNF550	0
RETREG3	0
KRTAP5-4	0
KRTAP5-2	0
KRTAP13-2	0
AKAP12	0
AHSP	0
AK4	0
PSMB10	0
VAMP4	0
KRTAP10-9	0
PLPP4	0
ZNF460	0
TMEM242	0
ZBTB47	0
ZNF48	0
ZNF250	0
GOLT1A	0
SCHIP1	0
TMEM86A	0
CAMSAP2	0
KRTAP2-3	0
TMEM140	0
KRTAP8-1	0
LRP2BP	0
ACTR3B	0
RETREG2	0
TMEM248	0
KRTAP3-2	0
NDOR1	0
NRM	0
TBCB	0
MCIDAS	0
NSG2	0
ZNF835	0
CACYBP	0
VPS26C	0
KRTAP4-11	0
SHISAL1	0
ABITRAM	0
ERP44	0
TMEM218	0
SFT2D1	0
CLRN2	0
SIT1	0
MTA3	0
ZNF575	0
REG1B	0
TMEM254	0
FAM210B	0
GUCY1B1	0
GUCY1A1	0
LMBRD2	0
FGFR1OP2	0
RIOX2	0
SCML4	0
KRTAP26-1	0
TMEM252	0
LRCH4	0
DENND4C	0
SLC35C2	0
BROX	0
OR7A10	0
SYAP1	0
PLEKHB2	0
SSMEM1	0
ZNF552	0
ZNF446	0
NIPAL3	0
NUTF2	0
LIN37	0
TMEM60	0
TMCO5A	0
IP6K3	0
ZNF440	0
NREP	0
RPP25	0
CCN2	0
BCL2L15	0
TMEM179B	0
SERP2	0
SH3GLB2	0
U2AF1L5	0
DUPD1	0
TEKT5	0
VTA1	0
ZBTB9	0
DALRD3	0
MTERF1	0
HSPBAP1	0
ZBTB14	0
SYBU	0
GNG8	0
ZNF587	0
ZKSCAN8	0
NOTO	0
PTH1R	0
ZNF490	0
IPO4	0
TEX37	0
ZSCAN32	0
TMEM176A	0
LAP3	0
ASCL3	0
ZSCAN29	0
PBXIP1	0
RAB1A	0
RNF115	0
MFSD14B	0
WASHC3	0
NFKBID	0
P2RX6	0
ZNF417	0
ZBTB10	0
VPS9D1	0
H2AFX	0
ZFPL1	0
RAB3IP	0
SNRNP35	0
RCOR3	0
COQ8A	0
INTS11	0
KCTD4	0
ZNF398	0
ZNF783	0
PAAF1	0
LAMP3	0
TMEM19	0
MYZAP	0
NPFFR1	0
ZSCAN21	0
MFSD5	0
ERP29	0
FAXDC2	0
FEM1C	0
PQLC1	0
ZNF785	0
EIF1AD	0
STMN4	0
KIR3DS1	0
ZNF337	0
SLU7	0
ABT1	0
SYTL5	0
TRAPPC5	0
CDIPT	0
H2AFZ	0
ACTR6	0
TMEM14B	0
ZNF792	0
ATXN7L3	0
SGF29	0
KRIT1	0
TAAR9	0
HERPUD2	0
BBS9	0
SLC39A9	0
ZSCAN9	0
TMEM130	0
KRTAP12-2	0
TAPBPL	0
SYT17	0
GPR137B	0
MRPL57	0
LEUTX	0
C11orf49	0
ZNF251	0
TOMM40L	0
C6orf203	0
MTIF3	0
GTF2H2C	0
GTF2H2C_2	0
FAM50B	0
NOL12	0
AGO3	0
C19orf18	0
SMC5	0
ANP32B	0
SHISAL2A	0
USH1G	0
INO80E	0
RGS17	0
ELOA2	0
MILR1	0
TAF1B	0
RHBDL1	0
CLDN18	0
SYNPR	0
ZKSCAN7	0
KRTAP19-1	0
C9orf78	0
TMEM182	0
CKAP4	0
LGALS14	0
NECAB1	0
SNTB1	0
ZNF57	0
LETMD1	0
PTPMT1	0
SMAGP	0
PPA1	0
MRPL23	0
SULT1E1	0
NXPE2	0
SFT2D2	0
TMEM239	0
ZNF670	0
PTRH1	0
ZNF329	0
ZNF439	0
SMG9	0
HSCB	0
TTC30B	0
HDDC2	0
XPOT	0
AIG1	0
CYSRT1	0
NUP62CL	0
CHMP3	0
TSNARE1	0
ZNF629	0
CNDP2	0
ARFIP1	0
MICALL1	0
ZNF438	0
B3GAT2	0
KRTAP3-3	0
TADA2A	0
PIP4P2	0
ZNF837	0
ZNF485	0
ZFP41	0
AIF1L	0
ZBTB39	0
VHLL	0
HASPIN	0
CCDC77	0
UBXN2A	0
IP6K2	0
TMEM52B	0
VWC2L	0
DEFB112	0
SPINT1	0
VPS29	0
TSPO2	0
C11orf87	0
KYAT1	0
PPIP5K2	0
FAM214B	0
LAYN	0
CLIC1	0
ZNF764	0
TMED8	0
XIRP1	0
N4BP3	0
ZNF581	0
IP6K1	0
NSG1	0
KRTAP12-3	0
ATP5IF1	0
HSPA13	0
THAP7	0
CDYL2	0
ISL2	0
C16orf54	0
RMDN2	0
ZNF774	0
NOP16	0
CYBRD1	0
KRTAP6-1	0
HSFX1	0
HSFX2	0
CEP85	0
RTRAF	0
SP6	0
KRTAP10-11	0
LSMEM2	0
TAF6L	0
TRAM1	0
CGN	0
STX18	0
RNF185	0
RAPGEF4	0
ANKRD49	0
UBE2K	0
CTXN3	0
RAD54L2	0
LAPTM4A	0
GMCL1	0
SLMAP	0
TMEM45B	0
BBC3	0
ERO1A	0
GOLGA7	0
MOB1B	0
MS4A13	0
TCTN1	0
TMEM222	0
ZSCAN30	0
ZNF557	0
NIP7	0
KRTAP19-6	0
KRTAP10-6	0
SCOC	0
ANKRD46	0
SYT11	0
DEPTOR	0
TMEM161A	0
UBOX5	0
NABP1	0
CEP95	0
CD177	0
KRTAP3-1	0
ABRAXAS1	0
HNRNPCL1	0
SRSF12	0
ZMAT3	0
ZNHIT6	0
TMPPE	0
ZNF394	0
PHETA1	0
ATP8B4	0
ATP8A1	0
KRTAP21-2	0
ATP6V1H	0
FAM186B	0
ATP5PF	0
C11orf1	0
TMEM236	0
SP140	0
ZNF488	0
SPOPL	0
CAPNS2	0
DUSP12	0
TMEM167B	0
TRMT112	0
ZNF230	0
KCNIP2	0
PLPPR2	0
ACMSD	0
CRIP3	0
HACD2	0
ODF2L	0
CARD17	0
KRTAP19-2	0
R3HDM2	0
PTGES3L-AARSD1	0
SLC35A4	0
KRTAP4-4	0
MEIS3	0
UTP25	0
EDRF1	0
NAA20	0
TSPY10	0
ZNF547	0
MACO1	0
PRIM2	0
KRTAP19-3	0
FAM241B	0
BTNL9	0
OXNAD1	0
BEND5	0
SMC6	0
TRAPPC10	0
NELFA	0
HLX	0
PHF12	0
UBE3D	0
KRTAP5-3	0
TLCD1	0
STX19	0
TM4SF19	0
NARF	0
TVP23B	0
ZFP2	0
SYMPK	0
H2BFS	0
ZNF426	0
SUPT20H	0
HEXIM1	0
TPRG1	0
CYB5R1	0
MIS18BP1	0
HSPA4L	0
MYADML2	0
RABGAP1L	0
MPHOSPH10	0
FAM174A	0
CALCOCO1	0
LMAN2	0
TMEM190	0
C9orf24	0
KIR3DL3	0
IER2	0
CXXC1	0
LAIR2	0
ZNF596	0
RAB9A	0
SNRNP25	0
VSTM4	0
ZNF281	0
KRTAP5-7	0
CCDC167	0
RNF19B	0
TTC5	0
EPGN	0
KRTAP9-8	0
LSMEM1	0
DIDO1	0
ZCCHC17	0
ZDHHC22	0
ANKRD34A	0
FOXB1	0
ACTR5	0
CHAF1B	0
DNHD1	0
SEC11C	0
MED31	0
SPARCL1	0
WASHC2A	0
ZNF578	0
KRTAP5-8	0
SPX	0
CYB561A3	0
BRD1	0
RIPPLY3	0
FBXL3	0
SNX30	0
TEX29	0
SLC35F1	0
CLDND1	0
BTBD6	0
NAT14	0
APCDD1L	0
TLK1	0
DNPH1	0
CEP250	0
ARHGEF16	0
ZNF726	0
BIVM	0
ZNF784	0
TSPYL6	0
SNAP47	0
RCOR1	0
ZNF579	0
ZNF275	0
TRIM10	0
IQCN	0
NRIP2	0
ZNF280C	0
ARHGEF40	0
SLC35E4	0
DNAJC4	0
RITA1	0
C14orf180	0
KMT5A	0
PFDN6	0
ZNF829	0
UTP14C	0
SNORC	0
ZBTB43	0
KRTAP23-1	0
SMNDC1	0
SLC35E3	0
MANBAL	0
CRACR2A	0
TMEM69	0
TMED9	0
RNF144A	0
VGLL4	0
SPG7	0
ZNF639	0
ITPRIP	0
CNPY2	0
PEBP4	0
TMUB2	0
AAMDC	0
ZNF607	0
KRTAP7-1	0
SERPINA5	0
MYDGF	0
KRTCAP3	0
CEACAM7	0
RBFA	0
ZMAT5	0
LIMS3	0
SESN2	0
MOB1A	0
ANO8	0
NELFB	0
ZNF821	0
TMEM72	0
THEM4	0
ADGRG3	0
SCAI	0
TSPYL4	0
SNRNP48	0
ZNF319	0
SGO1	0
CWC15	0
OR2AG1	0
DEPP1	0
ZBTB6	0
NCS1	0
ZNF511	0
ZNF343	0
ZBTB45	0
TMEM92	0
ZSCAN23	0
SLC35F6	0
CNOT10	0
MITD1	0
MED6	0
GFM2	0
RNF130	0
SLC16A13	0
MAK16	0
WRAP73	0
ZSCAN16	0
CXorf66	0
EPDR1	0
TTLL10	0
HCST	0
ZNF646	0
CHRAC1	0
RCC2	0
HSPB11	0
THG1L	0
DCANP1	0
MED22	0
ZNF599	0
PDF	0
PYM1	0
RAB7B	0
ABHD15	0
RNF144B	0
NRN1L	0
MVB12A	0
IPO9	0
APLF	0
SMIM14	0
DRC3	0
EVA1A	0
SLC25A51	0
RAP1GAP	0
PHAX	0
FOXD4L6	0
MTG2	0
LIN28A	0
HIST2H4B	0
HIST2H4A	0
PPP2R3C	0
TBCEL	0
FAM156B	0
FAM156A	0
TRIB2	0
MIER2	0
RNF151	0
CTSV	0
HEMK1	0
TSKS	0
ZKSCAN1	0
CD300C	0
ANKRD27	0
EDDM3B	0
HDAC10	0
CAMKK1	0
IL27RA	0
MUC15	0
CENPK	0
POP4	0
TMEM206	0
HEPHL1	0
MFSD3	0
ERP27	0
KDELR3	0
JADE3	0
IGKV3-20	0
TMEM219	0
RAB29	0
SNX24	0
TSACC	0
GHITM	0
GCSAM	0
PPP1R16A	0
RGS11	0
TEPSIN	0
TSPAN14	0
ADAMTSL5	0
BFAR	0
SDR16C5	0
TMEM63A	0
SEMA3B	0
RAPH1	0
NRBP1	0
TULP4	0
TSSK1B	0
ZNF860	0
RIDA	0
CLASRP	0
RNF19A	0
TRIM42	0
TMEM109	0
CWC22	0
CD164L2	0
ILKAP	0
LY6G6F	0
MXD4	0
HNRNPA1L2	0
HEBP2	0
ZNF626	0
NAA11	0
FAM163A	0
DOP1A	0
EIF5B	0
SLC25A23	0
BUD13	0
RHBDL2	0
SLC48A1	0
MS4A14	0
ZNF17	0
LRTM1	0
ZNF385C	0
GPBP1L1	0
TMEM44	0
RABEPK	0
OGA	0
TBCCD1	0
CACTIN	0
ECPAS	0
FTSJ3	0
KRTAP10-10	0
ZNF555	0
BIRC8	0
MOSPD3	0
NCKAP1L	0
PIP4P1	0
SYNPO2L	0
RPF1	0
ARL4A	0
CDCA2	0
MTHFD2	0
SGSM1	0
ABHD6	0
DNAJC7	0
ZNF345	0
FAAP100	0
KIF20B	0
NUPL2	0
SLC5A4	0
PJA2	0
CASC4	0
ZNF665	0
ANKS1A	0
ZMAT4	0
C16orf92	0
RTCA	0
CPLX4	0
ARHGEF15	0
CRAMP1	0
CENPW	0
FAM185A	0
BRIX1	0
GNPTG	0
SLF1	0
SYNPO2	0
SDAD1	0
CSRNP2	0
MOSPD2	0
LRRC3B	0
NDC1	0
TMEM234	0
POLA2	0
ZNF223	0
MPC2	0
ZDHHC11	0
SLC35E1	0
FBN3	0
RAB43	0
IFT46	0
HDHD3	0
FAM173A	0
MOCS3	0
SLC9C1	0
REC8	0
CASS4	0
PHETA2	0
NAIF1	0
SKA3	0
HIGD1C	0
JPH4	0
TTC30A	0
INTS13	0
FITM2	0
NUDT3	0
POLR2J3	0
RNF122	0
ZNF491	0
ANO9	0
ZNF334	0
NCLN	0
ATL2	0
GSG1	0
PPM1F	0
B4GALNT2	0
ADCK5	0
COQ3	0
ZNF84	0
CCDC90B	0
AKAP7	0
ZNF286A	0
RPL26L1	0
ATP1B4	0
ATP6V1B1	0
CBLIF	0
FOXJ2	0
MBD6	0
ATP5MF	0
ZNF786	0
TMEM255B	0
HSDL2	0
AQP12B	0
ARHGDIG	0
TMEM168	0
PPP1R3F	0
HLTF	0
DMAC2L	0
RHOV	0
MSANTD4	0
FAM114A1	0
ZNF414	0
UTP11	0
ZNF524	0
TMEM143	0
SYPL2	0
CCDC70	0
STEAP1	0
DDX19A	0
MSTN	0
SUDS3	0
UHMK1	0
SYNRG	0
ARPC5L	0
RGS8	0
ASIC1	0
KIAA2013	0
MTUS1	0
IL20RB	0
ACTR8	0
CYB561D1	0
UBE2J2	0
CCDC51	0
ZNF675	0
NANOGNB	0
CCDC105	0
DAZ1	0
CENPC	0
RHEBL1	0
TOMM20L	0
NAPRT	0
ESF1	0
ACTL8	0
ANKRD37	0
PI16	0
TNFRSF19	0
ISOC1	0
SARAF	0
ASPHD1	0
MBNL2	0
MVB12B	0
NPBWR2	0
TAS2R10	0
LARGE2	0
RPS6KL1	0
CACUL1	0
ZNF559	0
SLC39A6	0
ZNF302	0
LPCAT2	0
TMEM71	0
OR51F2	0
ZNF660	0
FUNDC2	0
MAP7D1	0
MOK	0
ZFP14	0
RAB3D	0
SEMA4G	0
GTF3C2	0
SIGLECL1	0
RBP7	0
ZBTB8B	0
ARID3C	0
YIF1B	0
LYRM2	0
TMEM160	0
EID2B	0
GPR146	0
DYNC1LI2	0
ZSCAN25	0
STBD1	0
ZNF600	0
FAM83D	0
SPA17	0
C16orf70	0
CC2D1B	0
SPCS2	0
ASRGL1	0
FAM129A	0
ERO1B	0
RNF187	0
CCDC110	0
ZNF611	0
VSIG4	0
YLPM1	0
ERI1	0
PCMTD2	0
ZNF383	0
PLPPR1	0
ZNF280A	0
PRR4	0
MBTD1	0
ZNF500	0
SPRYD4	0
ZNF669	0
LY75	0
ZNF790	0
TMOD1	0
SMIM5	0
SCGN	0
SLC35E2A	0
FAM160A2	0
TMEM154	0
PCDHB10	0
NAA25	0
KCTD14	0
TMEM176B	0
CABP1	0
SLC10A4	0
RDH13	0
ZNF789	0
CHCHD4	0
GABPB2	0
UQCC1	0
ALG10B	0
DCAF10	0
TMEM37	0
CEP131	0
NELFE	0
RCN3	0
OR4K17	0
ATPAF1	0
CD300A	0
CPTP	0
CPSF3	0
CALN1	0
TIMM10B	0
TMEM141	0
GCFC2	0
CMC2	0
MICOS13	0
TMEM62	0
PLCD4	0
SPIRE1	0
1-Mar	0
SLC35A5	0
ANKMY2	0
TAF5L	0
PCLAF	0
SPOCK1	0
CD93	0
VASH1	0
ZBTB44	0
RAP1GAP2	0
FCRL2	0
GPATCH1	0
TMEM39B	0
TMEM144	0
ZNF696	0
GPN1	0
SUN1	0
MTTP	0
AOPEP	0
TMEM186	0
ZNF415	0
MPIG6B	0
NAA50	0
LMF2	0
ST3GAL1	0
TNFRSF21	0
PARP10	0
ATP5MC3	0
DISP1	0
SF3B6	0
MGAT4D	0
GPR108	0
LYPD5	0
NAA35	0
ZNF276	0
NTNG2	0
JPT1	0
TESMIN	0
ZDHHC24	0
KCNIP1	0
ZSCAN5B	0
GSTT2B	0
STAB1	0
MTG1	0
SPIN1	0
TAF8	0
NR6A1	0
SLC45A4	0
TMEM267	0
TUBA4B	0
EAPP	0
ATP5F1E	0
PCIF1	0
MT1M	0
KRTAP19-4	0
OXLD1	0
C16orf46	0
JADE1	0
TMEM9B	0
CENPI	0
LDHAL6B	0
ADTRP	0
NAPSA	0
ZNF549	0
ZC3H18	0
ZNF613	0
CCDC107	0
IFI27L1	0
ATE1	0
ANGPTL7	0
KCNN1	0
ZNF691	0
MANSC1	0
NEIL3	0
MARCKS	0
PDE1B	0
OCIAD1	0
IL22RA1	0
OR4N2	0
ZNF724	0
SLC23A3	0
MOB2	0
SLC18B1	0
HORMAD2	0
TCF24	0
TONSL	0
DCAKD	0
KLRF2	0
MZF1	0
DISP3	0
B3GALNT1	0
CEP128	0
KDELR2	0
SLC51B	0
SLC4A3	0
DNAAF2	0
IGSF21	0
WIPI1	0
CNMD	0
VIRMA	0
CCDC58	0
ZNF623	0
C1orf116	0
NIPSNAP2	0
P2RY13	0
FRMD1	0
M1AP	0
MELTF	0
MAPK15	0
CFAP52	0
FCF1	0
GRAMD2A	0
GLOD4	0
MZT2B	0
SNX21	0
ADAM32	0
TMEM41A	0
SYTL3	0
RRP9	0
TIE1	0
DNAJA4	0
ZNF404	0
VCPIP1	0
ZBTB3	0
ZFP69B	0
TSPY2	0
MSL3	0
PRPF38B	0
OR1B1	0
ETV3L	0
ITPRIPL1	0
HIGD1A	0
DNAJC14	0
TCEANC2	0
ZC3H8	0
AP1AR	0
WDR61	0
HDGFL3	0
RNF13	0
USP49	0
TATDN1	0
BPIFA2	0
ZNF431	0
ZNF484	0
GPR162	0
ABHD14A	0
NACAD	0
RIPOR1	0
ST3GAL2	0
WASHC5	0
MTFR1	0
OR10J1	0
RNF183	0
SLC49A3	0
WDR83OS	0
CALML5	0
NXF2B	0
MGAT4C	0
ATP5MC1	0
SLC9B2	0
POU5F2	0
TCEAL8	0
BEGAIN	0
ZNF710	0
CEMIP	0
TIGD3	0
MIER1	0
ZSCAN1	0
ZIK1	0
PLPP7	0
RNF182	0
ZNF554	0
KRTAP10-4	0
CSRNP3	0
GNG3	0
FADS6	0
CDC42SE1	0
WDR44	0
SLC31A2	0
USP17L7	0
KLHL25	0
LDLRAD4	0
SERPINE2	0
ZNF280D	0
CHP2	0
PTGR2	0
ENY2	0
EIF4E1B	0
ZNF441	0
ASIC4	0
ZNF679	0
ZNF614	0
DHFR2	0
GINM1	0
LIN52	0
ZNF574	0
VSX2	0
LARGE1	0
EMC7	0
RO60	0
SMIM19	0
SLC15A5	0
ZFAT	0
CCDC181	0
ZNF662	0
CSN1S1	0
SPCS3	0
NAA16	0
TMPRSS11F	0
CYP27C1	0
NPFFR2	0
TMED3	0
CRNN	0
ST8SIA5	0
AOC1	0
ZNF766	0
ZNF585A	0
CNOT11	0
C2orf49	0
CHST4	0
MRPL58	0
SPPL2B	0
POGK	0
ZNF773	0
SYCN	0
LRRC18	0
SEC14L1	0
KMT5C	0
SNX22	0
MICOS10	0
TVP23A	0
AKAP3	0
ZNF800	0
AMER2	0
CHCHD1	0
FAM180B	0
POTEF	0
RAB40C	0
KCNE5	0
NLE1	0
NPIPA1	0
ZNF721	0
CHDH	0
HAPLN2	0
TANGO6	0
ROPN1B	0
MZT1	0
NTPCR	0
ZC3H7A	0
SPATA9	0
CBSL	0
NRDC	0
CALHM6	0
ZNF740	0
KCTD21	0
HACD4	0
MTRF1L	0
RBMY1E	0
FOXN2	0
ATOH8	0
ADGRF5	0
SLC25A25	0
R3HDM4	0
DBX2	0
TMEM167A	0
PPP1R3E	0
NOCT	0
SYDE2	0
ZNF493	0
UNC119B	0
IKZF5	0
KRTAP13-4	0
TPRA1	0
SDHAF4	0
HSDL1	0
MFSD14A	0
PDXP	0
BSPRY	0
ATG16L2	0
TRAPPC2B	0
OSGEPL1	0
ZNF671	0
ETFRF1	0
TTBK1	0
SPATA5L1	0
BCAP29	0
GTPBP8	0
TXLNG	0
FAM8A1	0
NAT9	0
IQGAP3	0
TMEM246	0
HYKK	0
NUDT5	0
SLC8A3	0
FRMD8	0
HERC4	0
PLA2G15	0
PARPBP	0
TEX35	0
PLGRKT	0
GRID2IP	0
C1orf56	0
ZNF442	0
RPL10L	0
TICRR	0
GNG7	0
WBP1L	0
SYNC	0
OR3A1	0
ELMSAN1	0
HIST1H2AA	0
AFTPH	0
TTLL3	0
CORO6	0
CCZ1	0
ZNF514	0
ATP5MC2	0
TAFA5	0
ZNF878	0
ZNF708	0
CEP112	0
CHP1	0
SAP25	0
FAM234A	0
GATD1	0
PCMTD1	0
TRIM17	0
RHOF	0
ANAPC1	0
ABHD10	0
PRLHR	0
GRIP2	0
PPM1E	0
PTH2R	0
SLC27A6	0
PRMT3	0
DEFA3	0
RGS18	0
NLGN4X	0
ST6GAL1	0
DAZ4	0
SLCO1A2	0
CCN5	0
COL26A1	0
EMID1	0
REG3A	0
CCN4	0
OPRPN	0
MADCAM1	0
ANXA13	0
C1orf61	0
UCN3	0
CFP	0
ZNF354A	0
PAPPA2	0
PARD3B	0
BCAM	0
SEMA4F	0
PPP1R1B	0
HCFC1R1	0
CDC42SE2	0
PITPNM1	0
ERAS	0
NUDT9	0
CBLN1	0
RAET1G	0
MMP24	0
GRPEL2	0
NPFF	0
PPP2R3A	0
ALPG	0
KLHL17	0
ASIC3	0
NAIP	0
EMILIN2	0
ASIC2	0
PRADC1	0
PDILT	0
PPP1R17	0
NEURL2	0
ELOA3	0
CENPBD1	0
GFRA4	0
DIMT1	0
TCFL5	0
ST8SIA3	0
ST8SIA4	0
ST8SIA2	0
RGS13	0
EMCN	0
VTCN1	0
RAB15	0
GKN2	0
SERPINB1	0
KCNG2	0
VEZT	0
JCHAIN	0
HLA-DRB4	0
IFI6	0
ERVW-1	0
CLEC2L	0
TRPC7	0
TADA1	0
TTYH3	0
SVIP	0
USP37	0
RPL22L1	0
GPN3	0
TBPL2	0
SBK1	0
SSX2B	0
CEP170B	0
BTBD8	0
ZSCAN31	0
TIGD4	0
ZNF714	0
ZNF556	0
ZNF519	0
ZNF506	0
H2BFM	0
SLC2A4RG	0
INO80C	0
INO80D	0
CENPM	0
DDX53	0
RMDN1	0
HDHD5	0
ZNF443	0
METTL7A	0
LPGAT1	0
ZNF605	0
DNLZ	0
ZNF566	0
ZNF235	0
H2AFJ	0
H2AFB1	0
CSNK1A1L	0
RHBDL3	0
GTF2IRD2	0
ZADH2	0
KCTD18	0
TUT4	0
NACA2	0
NUDT7	0
FBLL1	0
TRNAU1AP	0
GOT1L1	0
TRAPPC3L	0
BDH2	0
TMEM192	0
C14orf93	0
LETM2	0
C22orf46	0
SLCO2B1	0
PLBD1	0
TAFA4	0
C11orf45	0
CAPSL	0
R3HDML	0
IRGC	0
GLB1L	0
RNASE11	0
DTD2	0
NXPE3	0
UQCR11	0
ATP6V1F	0
SH3BGRL	0
OR4S2	0
PLBD2	0
TMEM177	0
UQCR10	0
ZNF454	0
IPPK	0
DDTL	0
ZNF316	0
LDHAL6A	0
PALM2	0
NUDT19	0
ATP9A	0
TATDN2	0
MRM2	0
ZNF280B	0
ZNF625	0
ZNF324B	0
ZNF585B	0
ZFP82	0
ZNF716	0
ZNF705G	0
OR7G3	0
TMEM134	0
TMEM35B	0
PLA2G4F	0
ZNF676	0
ICE2	0
B3GNT9	0
HMGN5	0
OST4	0
SERPINA6	0
SERPINA7	0
ZSCAN2	0
S100G	0
ST6GALNAC4	0
WDSUB1	0
SAAL1	0
THEM6	0
DOP1B	0
SLC25A47	0
GLTPD2	0
GLMP	0
ZNF875	0
ZNF30	0
PLPBP	0
DPP9	0
SCPEP1	0
LZTS3	0
TRIM71	0
CCNJ	0
LSM14B	0
SLC22A18	0
C19orf33	0
HSF5	0
TSPOAP1	0
VSIG8	0
FDX2	0
BCAS3	0
KRTAP10-1	0
FAM189B	0
CCDC85C	0
SESN3	0
UBAC2	0
ZMYM1	0
FAM187B	0
RHBDD3	0
MRS2	0
KNOP1	0
ZNF771	0
C17orf80	0
ZNF808	0
ZNF624	0
RNF149	0
FMR1NB	0
TMEM131L	0
TEX264	0
ASPHD2	0
SPIN2B	0
ZNF507	0
ZBED9	0
DCBLD1	0
GPAT3	0
KLRG2	0
FAM171A2	0
C1QTNF2	0
NUDT13	0
LRP11	0
ZNF501	0
COMTD1	0
MIGA1	0
VPS35L	0
C3orf33	0
RSAD1	0
FAM241A	0
TSPAN18	0
TMEM87A	0
SC5D	0
ZDHHC6	0
TVP23C	0
ZDHHC18	0
MANEAL	0
MAP1LC3B2	0
DHX35	0
FMC1	0
TMEM63B	0
TMEM164	0
2-Mar	0
PHF13	0
C5orf15	0
FAM172A	0
OR2S2	0
TAS2R7	0
TMEM171	0
LRRC15	0
PLEKHH1	0
TMEM39A	0
HSD17B6	0
OR10H3	0
ZNF430	0
PARP16	0
DNAJC16	0
TLCD2	0
TSPAN17	0
MTX3	0
MUCL1	0
EMILIN3	0
PCYOX1L	0
C1QTNF9	0
TPGS1	0
LRRC49	0
MCUB	0
TTLL4	0
B3GNT3	0
ACTR3C	0
ZNF445	0
TMEM184B	0
TMEM161B	0
OGFOD3	0
LPCAT4	0
TMEM245	0
TMEM8A	0
ST8SIA1	0
TMEM185A	0
TMEM185B	0
SCCPDH	0
SLC39A10	0
ST3GAL5	0
CABS1	0
ZNF621	0
GLB1L2	0
SUSD1	0
TRIM4	0
MAN2B2	0
GTF2IRD2B	0
CCN6	0
TMEM223	0
GFOD1	0
GFOD2	0
PLCD3	0
AMDHD1	0
TPGS2	0
ZACN	0
ZNF562	0
ZNF561	0
EVA1C	0
TMEM255A	0
RIMKLA	0
PLEKHH3	0
DNAJC18	0
EDIL3	0
SUCO	0
SLC16A14	0
MFSD13A	0
SDHAF3	0
RNASE13	0
CLPSL1	0
NHLRC3	0
RHEX	0
PIFO	0
MIGA2	0
CDKL4	0
B4GALNT4	0
VWDE	0
OGFRL1	0
TMCO6	0
EPPIN	0
EPPIN-WFDC6	0
ZNF594	0
PRRT4	0
EIF5AL1	0
GDPGP1	0
GK2	0
NLRP9	0
NPEPL1	0
SCD5	0
ABHD14B	0
CCN1	0
SOGA3	0
CPED1	0
FMN1	0
TBC1D31	0
ZNF529	0
ZNF616	0
RAD21L1	0
TMEM209	0
TMEM41B	0
CEP85L	0
CCDC134	0
GPR107	0
LYSMD3	0
PRRT3	0
KIAA0556	0
TIGD6	0
ZSCAN5A	0
ZNF532	0
METTL8	0
SPIRE2	0
LRCH3	0
ZNF845	0
TATDN3	0
BCLAF3	0
KRTAP9-9	0
KRTAP9-7	0
KRTAP9-1	0
USP17L5	0
USP17L1	0
OR4X1	0
FAM71B	0
ZNF865	0
NDUFAF8	0
PRELID3B	0
COQ10A	0
NUDT8	0
PHYHIPL	0
COQ10B	0
PRSS35	0
TC2N	0
JCAD	0
ELFN2	0
PALM3	0
KRTAP16-1	0
RASA4B	0
OR2F2	0
CES4A	0
EML6	0
PRSS42	0
ZNF573	0
GPR149	0
DUSP18	0
PPIAL4C	0
LINGO2	0
IGLC3	0
BPIFB3	0
IGLC2	0
CTRB2	0
STEAP1B	0
LEFTY1	0
LRRC4B	0
ZNF544	0
CYB5D2	0
TEX2	0
TMEM68	0
NPTXR	0
ZNF517	0
CALHM4	0
HAPLN3	0
ENDOD1	0
VWCE	0
TSPAN11	0
SLC10A7	0
PMEL	0
CYP20A1	0
TMEM268	0
ENGASE	0
RAET1E	0
BRINP2	0
ZNF732	0
TMPRSS11B	0
KLHL11	0
TMCC2	0
PNLDC1	0
TMPRSS12	0
TSPAN10	0
COL20A1	0
ADCK2	0
DLK2	0
CAPN8	0
ZNF747	0
SLC35F5	0
SLC44A5	0
C12orf49	0
ZNF805	0
TMEM200A	0
TMEM184A	0
ZNF354C	0
ZNF211	0
ZNF284	0
SEL1L3	0
TAFA3	0
TMED6	0
ZNF816	0
MFSD4A	0
GLMN	0
ZNF813	0
ZG16B	0
MFSD9	0
LRRN1	0
ZNF738	0
DQX1	0
LYZL1	0
SIRPD	0
REXO5	0
HIGD2A	0
C16orf91	0
LYPD4	0
TMEM266	0
SFTA2	0
MXRA7	0
SLC51A	0
P2RX5	0
ZNF571	0
ZNF791	0
ZNF221	0
ZNF225	0
GPR155	0
ZNF311	0
TEX261	0
GLT1D1	0
RNF215	0
XKR8	0
CNPPD1	0
ZNF701	0
DEFB104A	0
DEFB104B	0
FCRL5	0
PRSS37	0
TP53I13	0
EVA1B	0
SLC36A3	0
SLC49A4	0
PXYLP1	0
LRRC24	0
SLC37A3	0
GLT8D1	0
ZNF416	0
CPA5	0
ZNF672	0
TMEM213	0
ZNF780A	0
ZNF684	0
ZNF432	0
GPR137	0
TOR4A	0
NLRP6	0
ZNF678	0
SKIDA1	0
TTLL11	0
KIF19	0
ZIM3	0
ZNF850	0
ZNF551	0
ZNF502	0
ZNF322	0
ZNF283	0
GOLGA6B	0
OR51B6	0
ZNF763	0
KIAA1549L	0
GPC2	0
CD101	0
TIMD4	0
